{"cameraMode":{"drawMode":0,"name":"Shaded","section":"Shading Mode"},"sceneLighting":false,"audioPlay":false,"sceneViewState":{"showFog":true,"showMaterialUpdate":false,"showSkybox":false,"showFlares":true,"showImageEffects":true,"showParticleSystems":true},"in2DMode":false,"pivot":{"x":0.000026200024876743555,"y":2.500019036233425e-8,"z":0.0007770500378683209},"rotation":{"x":0.31435537338256838,"y":0.012546760030090809,"z":-0.00415608799085021,"w":0.9492133855819702},"size":0.0009829525370150805,"orthographic":false}